{
  "status": "optimal",
  "objective": -51.982776430162225,
  "nvars": 49,
  "ncons": 182,
  "x": [
    0.01249872486936465,
    0.03972314241517566,
    0.07052441113979391,
    0.0705244213990981,
    0.12121211805483778,
    0.12121213580655371,
    0.1750000080967397,
    0.005992047883123125,
    0.02227796110728962,
    0.033765038049825224,
    0.05664488100588668,
    0.06622517503552686,
    0.08593750472021378,
    0.08593751657240051,
    0.005992040920046742,
    0.02227795624683636,
    0.03376503174025828,
    0.048780481039526716,
    0.048780493508436044,
    0.05263142053688049,
    0.052631920514488235,
    0.0054541710043950605,
    0.015435797042413756,
    0.024521076009113147,
    0.040302261799198415,
    0.04030226752442459,
    0.04030227373310581,
    0.0403022807898923,
    0.004416656684469176,
    0.01543299778241192,
    0.021028690879228783,
    0.021028696869964943,
    0.021902739717164974,
    0.028900140118263973,
    0.030615216165752954,
    0.004416556798212896,
    0.009848305755745001,
    0.0210255130027819,
    0.021025518635392836,
    0.021025527335891366,
    0.02474632427279075,
    0.025388516627310186,
    0.004255971270007397,
    0.0090857238650694,
    0.014056223955422935,
    0.017426227181237368,
    0.017426243647158418,
    0.017426337568213577,
    0.017426380111376337
  ]
}