{
  "R": [
    1,
    2,
    3,
    4,
    5,
    6,
    7
  ],
  "F": [
    1,
    2,
    3,
    4,
    5,
    6,
    7
  ],
  "RF2N": {
    "1,1": 19602,
    "1,2": 3323,
    "1,3": 1120,
    "1,4": 539,
    "1,5": 285,
    "1,6": 177,
    "1,7": 120,
    "2,1": 19126,
    "2,2": 3162,
    "2,3": 1001,
    "2,4": 459,
    "2,5": 302,
    "2,6": 162,
    "2,7": 94,
    "3,1": 22596,
    "3,2": 3616,
    "3,3": 1161,
    "3,4": 582,
    "3,5": 279,
    "3,6": 185,
    "3,7": 119,
    "4,1": 24385,
    "4,2": 4035,
    "4,3": 1305,
    "4,4": 597,
    "4,5": 300,
    "4,6": 185,
    "4,7": 109,
    "5,1": 25363,
    "5,2": 3999,
    "5,3": 1225,
    "5,4": 603,
    "5,5": 274,
    "5,6": 173,
    "5,7": 98,
    "6,1": 26034,
    "6,2": 3757,
    "6,3": 1183,
    "6,4": 511,
    "6,5": 235,
    "6,6": 121,
    "6,7": 79,
    "7,1": 25611,
    "7,2": 3522,
    "7,3": 996,
    "7,4": 385,
    "7,5": 220,
    "7,6": 98,
    "7,7": 43
  },
  "RF2Prob": {
    "1,1": 0.012498724619936742,
    "1,2": 0.039723141739392114,
    "1,3": 0.07232142857142858,
    "1,4": 0.06679035250463822,
    "1,5": 0.12631578947368421,
    "1,6": 0.11299435028248588,
    "1,7": 0.175,
    "2,1": 0.0058559029593223885,
    "2,2": 0.02118912080961417,
    "2,3": 0.026973026973026972,
    "2,4": 0.05664488017429194,
    "2,5": 0.06622516556291391,
    "2,6": 0.09876543209876543,
    "2,7": 0.06382978723404255,
    "3,1": 0.006107275624004248,
    "3,2": 0.023230088495575223,
    "3,3": 0.03962101636520241,
    "3,4": 0.05326460481099656,
    "3,5": 0.03942652329749104,
    "3,6": 0.05405405405405406,
    "3,7": 0.05042016806722689,
    "4,1": 0.005454172647119131,
    "4,2": 0.015365551425030979,
    "4,3": 0.024521072796934867,
    "4,4": 0.04690117252931323,
    "4,5": 0.03666666666666667,
    "4,6": 0.03783783783783784,
    "4,7": 0.01834862385321101,
    "5,1": 0.0043764538895241095,
    "5,2": 0.015503875968992248,
    "5,3": 0.0236734693877551,
    "5,4": 0.014925373134328358,
    "5,5": 0.021897810218978103,
    "5,6": 0.028901734104046242,
    "5,7": 0.030612244897959183,
    "6,1": 0.004455711761542598,
    "6,2": 0.009848283204684588,
    "6,3": 0.024513947590870666,
    "6,4": 0.019569471624266144,
    "6,5": 0.00851063829787234,
    "6,6": 0.024793388429752067,
    "6,7": 0.02531645569620253,
    "7,1": 0.004255983756979423,
    "7,2": 0.009085746734809767,
    "7,3": 0.014056224899598393,
    "7,4": 0.023376623376623377,
    "7,5": 0.00909090909090909,
    "7,6": 0.02040816326530612,
    "7,7": 0.0
  }
}